{"102_Ekman6_surprise_408": 23.976023976023978, "183_CMU_MOSEI_9cSJglGi9Pg": 30.0, "211_CMU_MOSEI_GAVpYuhMZAw": 30.0, "137_Ekman6_fear_876": 29.97002997002997, "281_CMU_MOSEI_Q5fZk_jPjBI": 30.0, "116_Ekman6_joy_1300": 29.97002997002997, "272_CMU_MOSEI_J3-NEG8uoiE": 30.0, "215_CMU_MOSEI_93iGT5oueTA": 29.97002997002997, "185_CMU_MOSEI_MHyW857u_X8": 30.0, "345_CMU_MOSEI_jQ3EmbRIe58": 30.0, "138_Ekman6_sadness_1586": 29.97002997002997, "355_CMU_MOSEI_mmg_eTDHjkk": 30.0, "341_CMU_MOSEI_ITQTVfk9Iqo": 30.0, "251_Ekman6_sadness_1457": 29.97002997002997, "140_CMU_MOSEI_4AQC7_uCuEE": 29.97002997002997, "326_CMU_MOSI_phBUpBr1hSo": 30.0, "160_Ekman6_surprise_340": 29.97002997002997, "316_CMU_MOSEI_Z-26eyME6Co": 30.0, "261_Ekman6_sadness_1551": 29.97002997002997, "180_CMU_MOSEI_x2n19Cn96aw": 30.0, "55_Ekman6_anger_956": 30.0, "300_CMU_MOSEI_MCRCXXPqFOI": 30.0, "18_CMU_MOSEI_DNzA2UIkRZk": 30.0, "252_VideoEmotion8_Fear_318": 29.97002997002997, "287_Ekman6_anger_938": 29.97002997002997, "279_Ekman6_fear_614": 23.975609756097562, "327_CMU_MOSEI_wd-LTpCtAzw": 29.871455576559548, "186_VideoEmotion8_Anger_80": 29.97002997002997, "301_CMU_MOSEI_Wrcf2xtqbkQ": 30.0, "201_CMU_MOSEI_cHrOisasWLU": 25.0, "282_Ekman6_disgust_115": 30.0, "343_CMU_MOSEI_uxHBEfIhY-E": 29.97002612146379, "40_VideoEmotion8_Anger_88": 29.97002997002997, "350_CMU_MOSEI_c805Td8A_Ek": 30.0, "293_Ekman6_fear_722": 29.97002997002997, "161_Ekman6_fear_845": 25.0, "99_VideoEmotion8_Surprise_782": 29.970161496561133, "229_VideoEmotion8_Fear_409": 29.97002997002997, "303_CMU_MOSEI_Rse6laKf1i8": 23.976024251192822, "291_Ekman6_disgust_131": 30.0, "335_CMU_MOSEI_GpRDC-S88dM": 30.0, "290_Ekman6_sadness_1588": 29.97002997002997, "150_CMU_MOSEI_0WIwQgH4lKg": 30.0, "357_CMU_MOSEI_puum3vabpb4": 30.0, "17_CMU_MOSEI_CbRexsp1HKw": 30.0, "129_VideoEmotion8_Anger_82": 29.97002997002997, "277_CMU_MOSEI_ZtocGyL3Tfc": 30.0, "352_CMU_MOSEI_R-17BoOk4kc": 30.0, "294_CMU_MOSEI_wznRBN1fWj4": 23.976023976023978, "95_Ekman6_disgust_191": 19.916666666666668, "64_CMU_MOSEI_ShgrdU9WAJE": 30.0, "199_VideoEmotion8_Anticipation_175": 23.976023976023978, "305_CMU_MOSEI_ahcAFnY6iAY": 25.0, "122_VideoEmotion8_Anticipation_123": 29.917, "332_CMU_MOSI_bOL9jKpeJRs": 30.0, "302_CMU_MOSEI_nbru7qLot04": 29.97002997002997, "167_Ekman6_fear_714": 23.976, "383_CMU_MOSEI_H1DpVwktfDQ": 23.976023976023978, "79_CMU_MOSEI_wRKVNiABc0w": 30.0, "135_Ekman6_anger_989": 25.0, "278_CMU_MOSEI_G8p4QMjLUXI": 30.0, "91_Ekman6_joy_1384": 25.0, "131_Ekman6_sadness_1483": 29.97002997002997, "165_VideoEmotion8_Joy_663": 30.0, "310_CMU_MOSEI_WTF9xgqLIvI": 25.0, "307_CMU_MOSEI_9-K1CXCXui4": 30.0, "320_CMU_MOSEI_7Vp6Lvin1rA": 30.0, "111_Ekman6_surprise_283": 29.97002997002997, "44_Ekman6_sadness_1484": 30.0, "238_CMU_MOSEI_sFLTjqVS7AE": 29.97002997002997, "280_Ekman6_surprise_294": 23.976023976023978, "296_Ekman6_fear_809": 30.0, "121_Ekman6_sadness_1578": 29.97002997002997, "105_Ekman6_sadness_1495": 30.0, "289_CMU_MOSEI_Wu-wQTmxRgo": 29.97002997002997, "96_Ekman6_fear_731": 29.97002997002997, "308_CMU_MOSEI_khw3YCTFLfs": 30.0, "267_Ekman6_fear_685": 25.0, "93_Ekman6_surprise_411": 25.0, "283_CMU_MOSEI_LHC7ZKJy4Zw": 30.0, "304_CMU_MOSI_zhpQhgha_KU": 30.0, "9_CMU_MOSEI_lzVA--tIse0": 30.0, "118_CMU_MOSEI_E0g6nae4Ae4": 30.0, "271_CMU_MOSEI_4dV3slGSc60": 30.0, "295_Ekman6_anger_932": 23.976023976023978, "107_Ekman6_sadness_1516": 30.0, "189_VideoEmotion8_Trust_1057": 29.97002997002997, "260_CMU_MOSEI_0EAAfLCQabY": 30.0, "149_Ekman6_fear_642": 29.97002997002997, "33_Ekman6_surprise_501": 29.97002997002997, "288_Ekman6_sadness_1471": 25.0, "284_CMU_MOSEI_245582": 30.0, "286_CMU_MOSEI_-ri04Z7vwnc": 23.976023976023978, "273_VideoEmotion8_Anger_22": 29.97002997002997, "47_VideoEmotion8_Fear_402": 25.0, "220_CMU_MOSEI_FMW6diQ9rMo": 25.0, "216_Ekman6_disgust_76": 30.0, "321_CMU_MOSEI_0OC3wf9x3zQ": 25.0, "371_CMU_MOSEI_36o2cux9kfQ": 30.0, "153_VideoEmotion8_Surprise_778": 29.97002997002997, "346_CMU_MOSEI_-egA8-b7-3M": 30.0, "6_CMU_MOSEI_CZigX1ntOsI": 30.0, "377_CMU_MOSEI__8pvMpMdGM4": 30.0, "353_CMU_MOSEI_NG7QLq4XlWo": 30.0, "362_CMU_MOSEI_JPT38CA3sGI": 25.0, "336_CMU_MOSEI_RvIohowRPAk": 23.979210391724713, "98_CMU_MOSEI_sPxoGNvnVzg": 24.0, "349_CMU_MOSEI_107585": 30.0, "363_CMU_MOSEI_YWxvIFmYnNU": 30.0, "370_CMU_MOSEI_XXvSLz8QmGk": 30.0, "226_VideoEmotion8_Surprise_986": 29.97002997002997, "322_CMU_MOSEI_kqXpf26EL-s": 24.0, "359_CMU_MOSEI_gEgcpVY8WK4": 30.0, "328_CMU_MOSEI_TwFl4epL244": 25.0, "89_CMU_MOSEI_iREkcXde5ds": 29.97002997002997, "169_Ekman6_disgust_53": 29.97002997002997, "12_CMU_MOSEI_iceSGs0MXaA": 25.0, "51_CMU_MOSEI_ADYia28RrFU": 23.976024371109705, "80_Ekman6_disgust_99": 25.0, "155_Ekman6_surprise_434": 29.97003495921425, "50_VideoEmotion8_Surprise_949": 29.97002997002997, "190_VideoEmotion8_Surprise_956": 23.976023976023978, "317_CMU_MOSEI_f8Puta8k8fU": 29.97002997002997, "230_Ekman6_fear_686": 29.97002997002997, "364_CMU_MOSEI_ZcFzcd4ZoMg": 29.97002997002997, "222_Ekman6_surprise_542": 29.97002997002997, "71_CMU_MOSEI__gzYkdjNvPc": 30.0, "27_CMU_MOSEI_ogGweZUAVtU": 30.0, "25_CMU_MOSEI_HxyfY7hsjOg": 24.0, "242_CMU_MOSEI_1tQOvm5eQOA": 29.97002997002997, "342_CMU_MOSEI_rKyXU0ls5aQ": 30.0, "53_Ekman6_joy_1283": 25.0, "54_Ekman6_sadness_1461": 29.97002997002997, "265_VideoEmotion8_Surprise_812": 29.97002997002997, "205_VideoEmotion8_Anticipation_199": 25.0, "132_Ekman6_sadness_1462": 29.97002997002997, "367_CMU_MOSEI_984VkHzXl8w": 29.97002997002997, "248_VideoEmotion8_Surprise_842": 29.97002997002997, "331_CMU_MOSI_2iD-tVS8NPw": 30.0, "109_Ekman6_fear_683": 29.97002997002997, "130_CMU_MOSEI_W-ptEZFARVo": 29.97002997002997, "351_CMU_MOSEI_R9ypacCuEZo": 30.0, "85_CMU_MOSI_9J25DZhivz8": 30.0, "246_CMU_MOSEI_REkPZ77s3Vc": 29.97002997002997, "110_CMU_MOSEI_1CjUHNYzW1E": 23.976024343021177, "100_CMU_MOSEI_tkzdanzsA0A": 29.97002997002997, "232_CMU_MOSEI_25t8nrkUfRY": 29.97002997002997, "101_Ekman6_sadness_1562": 29.97002997002997, "62_Ekman6_anger_1093": 24.0, "312_CMU_MOSEI_179875": 30.0, "313_CMU_MOSEI_f_ZJ7L14oYQ": 30.0, "334_CMU_MOSEI_YJJoYkFPmds": 29.97002997002997, "69_Ekman6_joy_1138": 25.0, "78_CMU_MOSEI_9OY3NU2ycVw": 30.0, "338_CMU_MOSEI_fWAKek8jA5M": 30.0, "194_Ekman6_disgust_213": 30.0, "19_VideoEmotion8_Surprise_962": 30.0, "266_VideoEmotion8_Surprise_994": 30.0, "315_CMU_MOSEI_FRKwvmrwrZA": 30.0, "172_CMU_MOSEI_jrDqduyQrfo": 30.0, "348_CMU_MOSEI_d3EeIRaMbbk": 30.0, "202_CMU_MOSEI_dQ56b0bqmc8": 24.01921537229784, "3_Ekman6_fear_699": 23.976023976023978, "87_Ekman6_anger_943": 25.0, "233_Ekman6_anger_1018": 29.97002997002997, "200_Ekman6_disgust_81": 25.0, "26_CMU_MOSEI_pfCPogxnUfw": 30.0, "188_Ekman6_fear_729": 30.0, "330_CMU_MOSI_G6GlGvlkxAQ": 30.0, "136_Ekman6_sadness_1503": 29.97002997002997, "247_Ekman6_fear_700": 29.97002997002997, "206_CMU_MOSI_wMbj6ajWbic": 30.0, "4_Ekman6_anger_1085": 25.0, "319_CMU_MOSEI_gXuiIWRxrw4": 30.0, "145_VideoEmotion8_Anticipation_142": 29.97002997002997, "340_CMU_MOSEI_79925": 30.0, "163_Ekman6_surprise_256": 23.976023976023978, "325_CMU_MOSEI_ATfnMuJJDkk": 23.976023976023978, "37_Ekman6_surprise_503": 29.97002997002997, "365_CMU_MOSEI_RE-LIPOFnrE": 29.97002997002997, "241_CMU_MOSEI_y9FyTEyGy5Y": 29.97002997002997, "15_Ekman6_joy_1355": 29.97002997002997, "31_VideoEmotion8_Anger_85": 29.969994565945015, "84_Ekman6_anger_951": 25.0, "34_CMU_MOSEI_1HS2HcN2LDo": 23.979185076328935, "2_Ekman6_joy_1308": 30.0, "380_CMU_MOSEI_QnYlpSeVOYo": 30.003320286953283, "8_CMU_MOSEI_2Vtv2gPzM7w": 30.0, "217_Ekman6_joy_1135": 24.0, "38_VideoEmotion8_Anticipation_170": 23.976090509741674, "344_CMU_MOSEI_5lrDS7LluCA": 30.0, "28_Ekman6_sadness_1583": 23.976023976023978, "323_CMU_MOSEI_xk4C4p5vHDk": 29.97002997002997, "124_CMU_MOSEI_gjEYmdWrBLM": 29.97002997002997, "35_CMU_MOSEI_gXDRWhJbfFU": 30.0, "366_CMU_MOSEI_qd6YuFGcBGk": 30.0, "74_Ekman6_surprise_310": 29.97002997002997, "108_CMU_MOSEI_1knHBRVPoYQ": 29.97002997002997, "83_Ekman6_surprise_460": 29.97002997002997, "255_Ekman6_anger_1038": 30.0, "90_Ekman6_anger_929": 23.976023976023978,