{"102_Ekman6_surprise_408": 151.60979166666667, "183_CMU_MOSEI_9cSJglGi9Pg": 134.23333333333332, "211_CMU_MOSEI_GAVpYuhMZAw": 146.06666666666666, "137_Ekman6_fear_876": 147.78096666666667, "281_CMU_MOSEI_Q5fZk_jPjBI": 146.4, "116_Ekman6_joy_1300": 142.6425, "272_CMU_MOSEI_J3-NEG8uoiE": 213.86666666666667, "215_CMU_MOSEI_93iGT5oueTA": 525.8920333333333, "185_CMU_MOSEI_MHyW857u_X8": 127.46666666666667, "345_CMU_MOSEI_jQ3EmbRIe58": 120.3, "138_Ekman6_sadness_1586": 179.2791, "355_CMU_MOSEI_mmg_eTDHjkk": 148.93333333333334, "341_CMU_MOSEI_ITQTVfk9Iqo": 155.5, "251_Ekman6_sadness_1457": 120.2201, "140_CMU_MOSEI_4AQC7_uCuEE": 168.93543333333335, "326_CMU_MOSI_phBUpBr1hSo": 180.03333333333333, "160_Ekman6_surprise_340": 153.62013333333334, "316_CMU_MOSEI_Z-26eyME6Co": 121.16666666666667, "261_Ekman6_sadness_1551": 183.65013333333334, "180_CMU_MOSEI_x2n19Cn96aw": 149.83333333333334, "55_Ekman6_anger_956": 217.56666666666666, "300_CMU_MOSEI_MCRCXXPqFOI": 130.9, "18_CMU_MOSEI_DNzA2UIkRZk": 151.0, "252_VideoEmotion8_Fear_318": 345.1781666666667, "287_Ekman6_anger_938": 125.0249, "279_Ekman6_fear_614": 129.6317395727365, "327_CMU_MOSEI_wd-LTpCtAzw": 264.5, "186_VideoEmotion8_Anger_80": 199.43256666666667, "301_CMU_MOSEI_Wrcf2xtqbkQ": 127.56666666666666, "201_CMU_MOSEI_cHrOisasWLU": 312.36, "282_Ekman6_disgust_115": 138.53333333333333, "343_CMU_MOSEI_uxHBEfIhY-E": 287.12020353687024, "40_VideoEmotion8_Anger_88": 243.17626666666666, "350_CMU_MOSEI_c805Td8A_Ek": 135.46666666666667, "293_Ekman6_fear_722": 192.45893333333333, "161_Ekman6_fear_845": 348.88, "99_VideoEmotion8_Surprise_782": 167.0995333333333, "229_VideoEmotion8_Fear_409": 289.289, "303_CMU_MOSEI_Rse6laKf1i8": 484.0669111111111, "291_Ekman6_disgust_131": 145.6, "335_CMU_MOSEI_GpRDC-S88dM": 218.63333333333333, "290_Ekman6_sadness_1588": 280.3133666666667, "150_CMU_MOSEI_0WIwQgH4lKg": 1118.3666666666666, "357_CMU_MOSEI_puum3vabpb4": 238.16666666666666, "17_CMU_MOSEI_CbRexsp1HKw": 610.0, "129_VideoEmotion8_Anger_82": 221.5213, "277_CMU_MOSEI_ZtocGyL3Tfc": 177.26666666666668, "352_CMU_MOSEI_R-17BoOk4kc": 199.03333333333333, "294_CMU_MOSEI_wznRBN1fWj4": 630.4631666666667, "95_Ekman6_disgust_191": 208.06694560669456, "64_CMU_MOSEI_ShgrdU9WAJE": 162.53333333333333, "199_VideoEmotion8_Anticipation_175": 144.1857083333333, "305_CMU_MOSEI_ahcAFnY6iAY": 260.08, "122_VideoEmotion8_Anticipation_123": 126.51669619280007, "332_CMU_MOSI_bOL9jKpeJRs": 120.9, "302_CMU_MOSEI_nbru7qLot04": 120.8207, "167_Ekman6_fear_714": 274.94160827494164, "383_CMU_MOSEI_H1DpVwktfDQ": 476.9765, "79_CMU_MOSEI_wRKVNiABc0w": 173.33333333333334, "135_Ekman6_anger_989": 339.92, "278_CMU_MOSEI_G8p4QMjLUXI": 269.8333333333333, "91_Ekman6_joy_1384": 151.48, "131_Ekman6_sadness_1483": 386.85313333333335, "165_VideoEmotion8_Joy_663": 315.0, "310_CMU_MOSEI_WTF9xgqLIvI": 558.16, "307_CMU_MOSEI_9-K1CXCXui4": 182.46666666666667, "320_CMU_MOSEI_7Vp6Lvin1rA": 166.1, "111_Ekman6_surprise_283": 172.23873333333333, "44_Ekman6_sadness_1484": 198.86666666666667, "238_CMU_MOSEI_sFLTjqVS7AE": 270.3367333333333, "280_Ekman6_surprise_294": 133.88375, "296_Ekman6_fear_809": 175.5, "121_Ekman6_sadness_1578": 217.01680000000002, "105_Ekman6_sadness_1495": 150.7, "289_CMU_MOSEI_Wu-wQTmxRgo": 970.7698, "96_Ekman6_fear_731": 146.81333333333333, "308_CMU_MOSEI_khw3YCTFLfs": 602.3333333333334, "267_Ekman6_fear_685": 208.48, "93_Ekman6_surprise_411": 199.84, "283_CMU_MOSEI_LHC7ZKJy4Zw": 244.56666666666666, "304_CMU_MOSI_zhpQhgha_KU": 180.03333333333333, "9_CMU_MOSEI_lzVA--tIse0": 839.3, "118_CMU_MOSEI_E0g6nae4Ae4": 201.2, "271_CMU_MOSEI_4dV3slGSc60": 208.93333333333334, "295_Ekman6_anger_932": 215.3818333333333, "107_Ekman6_sadness_1516": 137.86666666666667, "189_VideoEmotion8_Trust_1057": 259.0921666666667, "260_CMU_MOSEI_0EAAfLCQabY": 569.2333333333333, "149_Ekman6_fear_642": 240.17326666666668, "33_Ekman6_surprise_501": 136.7366, "288_Ekman6_sadness_1471": 145.96, "284_CMU_MOSEI_245582": 153.66666666666666, "286_CMU_MOSEI_-ri04Z7vwnc": 268.76849999999996, "273_VideoEmotion8_Anger_22": 166.63313333333335, "47_VideoEmotion8_Fear_402": 418.68, "220_CMU_MOSEI_FMW6diQ9rMo": 727.64, "216_Ekman6_disgust_76": 126.83333333333333, "321_CMU_MOSEI_0OC3wf9x3zQ": 166.52, "371_CMU_MOSEI_36o2cux9kfQ": 127.3, "153_VideoEmotion8_Surprise_778": 231.6314, "346_CMU_MOSEI_-egA8-b7-3M": 195.23333333333332, "6_CMU_MOSEI_CZigX1ntOsI": 145.9, "377_CMU_MOSEI__8pvMpMdGM4": 235.46666666666667, "353_CMU_MOSEI_NG7QLq4XlWo": 183.16666666666666, "362_CMU_MOSEI_JPT38CA3sGI": 405.92, "336_CMU_MOSEI_RvIohowRPAk": 305.9733777777778, "98_CMU_MOSEI_sPxoGNvnVzg": 413.8333333333333, "349_CMU_MOSEI_107585": 156.86666666666667, "363_CMU_MOSEI_YWxvIFmYnNU": 206.13333333333333, "370_CMU_MOSEI_XXvSLz8QmGk": 231.23333333333332, "226_VideoEmotion8_Surprise_986": 174.00716666666668, "322_CMU_MOSEI_kqXpf26EL-s": 960.875, "359_CMU_MOSEI_gEgcpVY8WK4": 158.26666666666668, "328_CMU_MOSEI_TwFl4epL244": 270.24, "89_CMU_MOSEI_iREkcXde5ds": 338.8385, "169_Ekman6_disgust_53": 206.87333333333333, "12_CMU_MOSEI_iceSGs0MXaA": 349.2, "51_CMU_MOSEI_ADYia28RrFU": 505.7135333333333, "80_Ekman6_disgust_99": 332.04, "155_Ekman6_surprise_434": 200.23333333333335, "50_VideoEmotion8_Surprise_949": 244.21063333333333, "190_VideoEmotion8_Surprise_956": 208.29141666666666, "317_CMU_MOSEI_f8Puta8k8fU": 310.1098, "230_Ekman6_fear_686": 170.7706, "364_CMU_MOSEI_ZcFzcd4ZoMg": 555.7885666666667, "222_Ekman6_surprise_542": 230.76386666666667, "71_CMU_MOSEI__gzYkdjNvPc": 186.56666666666666, "27_CMU_MOSEI_ogGweZUAVtU": 212.06666666666666, "25_CMU_MOSEI_HxyfY7hsjOg": 272.3333333333333, "242_CMU_MOSEI_1tQOvm5eQOA": 967.3664, "342_CMU_MOSEI_rKyXU0ls5aQ": 361.53333333333336, "53_Ekman6_joy_1283": 250.08, "54_Ekman6_sadness_1461": 207.44056666666668, "265_VideoEmotion8_Surprise_812": 190.85733333333334, "205_VideoEmotion8_Anticipation_199": 146.36, "132_Ekman6_sadness_1462": 345.11143333333337, "367_CMU_MOSEI_984VkHzXl8w": 421.8881333333333, "248_VideoEmotion8_Surprise_842": 313.4798333333333, "331_CMU_MOSI_2iD-tVS8NPw": 180.03333333333333, "109_Ekman6_fear_683": 196.2961, "130_CMU_MOSEI_W-ptEZFARVo": 720.9535666666667, "351_CMU_MOSEI_R9ypacCuEZo": 186.76666666666668, "85_CMU_MOSI_9J25DZhivz8": 180.03333333333333, "246_CMU_MOSEI_REkPZ77s3Vc": 288.5215666666667, "110_CMU_MOSEI_1CjUHNYzW1E": 544.4188666666666, "100_CMU_MOSEI_tkzdanzsA0A": 512.5787333333334, "232_CMU_MOSEI_25t8nrkUfRY": 761.7943666666666, "101_Ekman6_sadness_1562": 146.4463, "62_Ekman6_anger_1093": 124.5, "312_CMU_MOSEI_179875": 150.83333333333334, "313_CMU_MOSEI_f_ZJ7L14oYQ": 144.9, "334_CMU_MOSEI_YJJoYkFPmds": 522.0548666666667, "69_Ekman6_joy_1138": 279.0, "78_CMU_MOSEI_9OY3NU2ycVw": 376.73333333333335, "338_CMU_MOSEI_fWAKek8jA5M": 450.3666666666667, "194_Ekman6_disgust_213": 150.23333333333332, "19_VideoEmotion8_Surprise_962": 293.73333333333335, "266_VideoEmotion8_Surprise_994": 126.93333333333334, "315_CMU_MOSEI_FRKwvmrwrZA": 218.83333333333334, "172_CMU_MOSEI_jrDqduyQrfo": 125.53333333333333, "348_CMU_MOSEI_d3EeIRaMbbk": 148.43333333333334, "202_CMU_MOSEI_dQ56b0bqmc8": 220.98973333333333, "3_Ekman6_fear_699": 179.92974999999998, "87_Ekman6_anger_943": 124.4, "233_Ekman6_anger_1018": 120.28683333333333, "200_Ekman6_disgust_81": 169.44, "26_CMU_MOSEI_pfCPogxnUfw": 174.8, "188_Ekman6_fear_729": 164.8, "330_CMU_MOSI_G6GlGvlkxAQ": 180.03333333333333, "136_Ekman6_sadness_1503": 198.8987, "247_Ekman6_fear_700": 145.4453, "206_CMU_MOSI_wMbj6ajWbic": 180.03333333333333, "4_Ekman6_anger_1085": 123.32, "319_CMU_MOSEI_gXuiIWRxrw4": 196.9, "145_VideoEmotion8_Anticipation_142": 212.14526666666666, "340_CMU_MOSEI_79925": 191.86666666666667, "163_Ekman6_surprise_256": 124.41595833333332, "325_CMU_MOSEI_ATfnMuJJDkk": 240.865625, "37_Ekman6_surprise_503": 208.70850000000002, "365_CMU_MOSEI_RE-LIPOFnrE": 287.45383333333336, "241_CMU_MOSEI_y9FyTEyGy5Y": 349.2155333333333, "15_Ekman6_joy_1355": 213.78023333333334, "31_VideoEmotion8_Anger_85": 846.5133333333333, "84_Ekman6_anger_951": 245.36,